 [
  {
    "State": "Alaska",
    "Total": "5,216"
  },
  {
    "State": "Arizona",
    "Total": "42,259"
  },
  {
    "State": "Arkansas",
    "Total": "17,874"
  },
  {
    "State": "California",
    "Total": "136,088"
  },
  {
    "State": "Colorado",
    "Total": "20,646"
  },
  {
    "State": "Connecticut",
    "Total": "16,636"
  },
  {
    "State": "Delaware",
    "Total": "6,955"
  },
  {
    "State": "Florida",
    "Total": "102,870"
  },
  {
    "State": "Georgia",
    "Total": "52,949"
  },
  {
    "State": "Hawaii",
    "Total": "5,866"
  },
  {
    "State": "Idaho",
    "Total": "8,117"
  },
  {
    "State": "Illinois",
    "Total": "48,278"
  },
  {
    "State": "Indiana",
    "Total": "29,271"
  },
  {
    "State": "Iowa",
    "Total": "8,838"
  },
  {
    "State": "Kansas",
    "Total": "9,663"
  },
  {
    "State": "Kentucky",
    "Total": "21,657"
  },
  {
    "State": "Louisiana",
    "Total": "38,030"
  },
  {
    "State": "Maine",
    "Total": "2,242"
  },
  {
    "State": "Maryland",
    "Total": "21,011"
  },
  {
    "State": "Massachusetts",
    "Total": "10,713"
  },
  {
    "State": "Michigan",
    "Total": "43,390"
  },
  {
    "State": "Minnesota",
    "Total": "10,637"
  },
  {
    "State": "Mississippi",
    "Total": "18,793"
  },
  {
    "State": "Missouri",
    "Total": "31,942"
  },
  {
    "State": "Montana",
    "Total": "3,699"
  },
  {
    "State": "Nebraska",
    "Total": "5,441"
  },
  {
    "State": "Nevada",
    "Total": "12,537"
  },
  {
    "State": "New Hampshire",
    "Total": "2,963"
  },
  {
    "State": "New Jersey",
    "Total": "21,590"
  },
  {
    "State": "New Mexico",
    "Total": "7,021"
  },
  {
    "State": "New York",
    "Total": "52,518"
  },
  {
    "State": "North Carolina",
    "Total": "37,096"
  },
  {
    "State": "North Dakota",
    "Total": "1,718"
  },
  {
    "State": "Ohio",
    "Total": "51,519"
  },
  {
    "State": "Oklahoma",
    "Total": "27,650"
  },
  {
    "State": "Oregon",
    "Total": "15,075"
  },
  {
    "State": "Pennsylvania",
    "Total": "50,694"
  },
  {
    "State": "Rhode Island",
    "Total": "3,359"
  },
  {
    "State": "South Carolina",
    "Total": "21,401"
  },
  {
    "State": "South Dakota",
    "Total": "3,608"
  },
  {
    "State": "Tennessee",
    "Total": "28,769"
  },
  {
    "State": "Texas",
    "Total": "166,043"
  },
  {
    "State": "Utahc",
    "Total": "7,026"
  },
  {
    "State": "Vermont",
    "Total": "1,979"
  },
  {
    "State": "Virginia",
    "Total": "37,544"
  },
  {
    "State": "Washington",
    "Total": "18,120"
  },
  {
    "State": "West Virginia",
    "Total": "6,896"
  },
  {
    "State": "Wisconsing",
    "Total": "22,597"
  },
  {
    "State": "Wyoming",
    "Total": "2,383"
  }
]